GAME_ID,TEAM_ID,TEAM_ABBREVIATION,TEAM_CITY,PLAYER_ID,PLAYER_NAME,NICKNAME,START_POSITION,COMMENT,MIN,FGM,FGA,FG_PCT,FG3M,FG3A,FG3_PCT,FTM,FTA,FT_PCT,OREB,DREB,REB,AST,STL,BLK,TO,PF,PTS,PLUS_MINUS,SEASON_PLAYER_ID,SEASON_SEASON_ID,SEASON_LEAGUE_ID,SEASON_TEAM_ID,SEASON_TEAM_ABBREVIATION,SEASON_PLAYER_AGE,SEASON_GP,SEASON_GS,SEASON_MIN,SEASON_FGM,SEASON_FGA,SEASON_FG_PCT,SEASON_FG3M,SEASON_FG3A,SEASON_FG3_PCT,SEASON_FTM,SEASON_FTA,SEASON_FT_PCT,SEASON_OREB,SEASON_DREB,SEASON_REB,SEASON_AST,SEASON_STL,SEASON_BLK,SEASON_TOV,SEASON_PF,SEASON_PTS,RECENT_0,TEAM_GROUP_SET,TEAM_GROUP_VALUE,TEAM_SEASON_YEAR,TEAM_GP,TEAM_W,TEAM_L,TEAM_W_PCT,TEAM_MIN,TEAM_FGM,TEAM_FGA,TEAM_FG_PCT,TEAM_FG3M,TEAM_FG3A,TEAM_FG3_PCT,TEAM_FTM,TEAM_FTA,TEAM_FT_PCT,TEAM_OREB,TEAM_DREB,TEAM_REB,TEAM_AST,TEAM_TOV,TEAM_STL,TEAM_BLK,TEAM_BLKA,TEAM_PF,TEAM_PFD,TEAM_PTS,TEAM_PLUS_MINUS,TEAM_GP_RANK,TEAM_W_RANK,TEAM_L_RANK,TEAM_W_PCT_RANK,TEAM_MIN_RANK,TEAM_FGM_RANK,TEAM_FGA_RANK,TEAM_FG_PCT_RANK,TEAM_FG3M_RANK,TEAM_FG3A_RANK,TEAM_FG3_PCT_RANK,TEAM_FTM_RANK,TEAM_FTA_RANK,TEAM_FT_PCT_RANK,TEAM_OREB_RANK,TEAM_DREB_RANK,TEAM_REB_RANK,TEAM_AST_RANK,TEAM_TOV_RANK,TEAM_STL_RANK,TEAM_BLK_RANK,TEAM_BLKA_RANK,TEAM_PF_RANK,TEAM_PFD_RANK,TEAM_PTS_RANK,TEAM_PLUS_MINUS_RANK,OPPONENT_GROUP_SET,OPPONENT_GROUP_VALUE,OPPONENT_SEASON_YEAR,OPPONENT_GP,OPPONENT_W,OPPONENT_L,OPPONENT_W_PCT,OPPONENT_MIN,OPPONENT_FGM,OPPONENT_FGA,OPPONENT_FG_PCT,OPPONENT_FG3M,OPPONENT_FG3A,OPPONENT_FG3_PCT,OPPONENT_FTM,OPPONENT_FTA,OPPONENT_FT_PCT,OPPONENT_OREB,OPPONENT_DREB,OPPONENT_REB,OPPONENT_AST,OPPONENT_TOV,OPPONENT_STL,OPPONENT_BLK,OPPONENT_BLKA,OPPONENT_PF,OPPONENT_PFD,OPPONENT_PTS,OPPONENT_PLUS_MINUS,OPPONENT_GP_RANK,OPPONENT_W_RANK,OPPONENT_L_RANK,OPPONENT_W_PCT_RANK,OPPONENT_MIN_RANK,OPPONENT_FGM_RANK,OPPONENT_FGA_RANK,OPPONENT_FG_PCT_RANK,OPPONENT_FG3M_RANK,OPPONENT_FG3A_RANK,OPPONENT_FG3_PCT_RANK,OPPONENT_FTM_RANK,OPPONENT_FTA_RANK,OPPONENT_FT_PCT_RANK,OPPONENT_OREB_RANK,OPPONENT_DREB_RANK,OPPONENT_REB_RANK,OPPONENT_AST_RANK,OPPONENT_TOV_RANK,OPPONENT_STL_RANK,OPPONENT_BLK_RANK,OPPONENT_BLKA_RANK,OPPONENT_PF_RANK,OPPONENT_PFD_RANK,OPPONENT_PTS_RANK,OPPONENT_PLUS_MINUS_RANK,AGAINT_OPP_0
0022300885,1610612753,ORL,Orlando,1630532,Franz Wagner,Franz,F,,30.000000:04,4.0,11.0,0.364,0.0,5.0,0.0,0.0,1.0,0.0,1.0,2.0,3.0,2.0,1.0,0.0,4.0,1.0,8.0,-3.0,1630532.0,2023-24,00,1610612753.0,ORL,22.0,72.0,72.0,2337.0,528.0,1096.0,0.482,94.0,334.0,0.281,271.0,319.0,0.85,72.0,309.0,381.0,269.0,76.0,28.0,137.0,168.0,1421.0,1630532.0,Overall,2023-24,2023-24,82.0,47.0,35.0,0.573,3956.0,3318.0,6964.0,0.476,903.0,2568.0,0.352,1519.0,2002.0,0.759,861.0,2608.0,3469.0,2023.0,1206.0,669.0,423.0,379.0,1618.0,1710.0,9058.0,166.0,1.0,1.0,1.0,1.0,1.0,1.0,1.0,1.0,1.0,1.0,1.0,1.0,1.0,1.0,1.0,1.0,1.0,1.0,1.0,1.0,1.0,1.0,1.0,1.0,1.0,1.0,Overall,2023-24,2023-24,82.0,21.0,61.0,0.256,3946.0,3281.0,7133.0,0.46,989.0,2788.0,0.355,1189.0,1512.0,0.786,765.0,2538.0,3303.0,2033.0,1129.0,562.0,371.0,396.0,1472.0,1432.0,8740.0,-840.0,1.0,1.0,1.0,1.0,1.0,1.0,1.0,1.0,1.0,1.0,1.0,1.0,1.0,1.0,1.0,1.0,1.0,1.0,1.0,1.0,1.0,1.0,1.0,1.0,1.0,1.0,1630532.0
0022300885,1610612753,ORL,Orlando,1631094,Paolo Banchero,Paolo,F,,33.000000:12,9.0,19.0,0.474,2.0,5.0,0.4,2.0,2.0,1.0,0.0,5.0,5.0,3.0,0.0,0.0,5.0,1.0,22.0,1.0,1631094.0,2023-24,00,1610612753.0,ORL,21.0,80.0,80.0,2799.0,640.0,1407.0,0.455,119.0,351.0,0.339,405.0,559.0,0.725,82.0,472.0,554.0,431.0,71.0,47.0,247.0,153.0,1804.0,1631094.0,Overall,2023-24,2023-24,82.0,47.0,35.0,0.573,3956.0,3318.0,6964.0,0.476,903.0,2568.0,0.352,1519.0,2002.0,0.759,861.0,2608.0,3469.0,2023.0,1206.0,669.0,423.0,379.0,1618.0,1710.0,9058.0,166.0,1.0,1.0,1.0,1.0,1.0,1.0,1.0,1.0,1.0,1.0,1.0,1.0,1.0,1.0,1.0,1.0,1.0,1.0,1.0,1.0,1.0,1.0,1.0,1.0,1.0,1.0,Overall,2023-24,2023-24,82.0,21.0,61.0,0.256,3946.0,3281.0,7133.0,0.46,989.0,2788.0,0.355,1189.0,1512.0,0.786,765.0,2538.0,3303.0,2033.0,1129.0,562.0,371.0,396.0,1472.0,1432.0,8740.0,-840.0,1.0,1.0,1.0,1.0,1.0,1.0,1.0,1.0,1.0,1.0,1.0,1.0,1.0,1.0,1.0,1.0,1.0,1.0,1.0,1.0,1.0,1.0,1.0,1.0,1.0,1.0,1631094.0
0022300885,1610612753,ORL,Orlando,1628976,Wendell Carter Jr.,Wendell,C,,28.000000:58,5.0,7.0,0.714,2.0,4.0,0.5,0.0,0.0,0.0,4.0,5.0,9.0,1.0,1.0,0.0,1.0,1.0,12.0,0.0,1628976.0,2023-24,00,1610612753.0,ORL,25.0,55.0,48.0,1406.0,223.0,425.0,0.525,64.0,171.0,0.374,93.0,134.0,0.694,112.0,269.0,381.0,95.0,35.0,28.0,68.0,121.0,603.0,1628976.0,Overall,2023-24,2023-24,82.0,47.0,35.0,0.573,3956.0,3318.0,6964.0,0.476,903.0,2568.0,0.352,1519.0,2002.0,0.759,861.0,2608.0,3469.0,2023.0,1206.0,669.0,423.0,379.0,1618.0,1710.0,9058.0,166.0,1.0,1.0,1.0,1.0,1.0,1.0,1.0,1.0,1.0,1.0,1.0,1.0,1.0,1.0,1.0,1.0,1.0,1.0,1.0,1.0,1.0,1.0,1.0,1.0,1.0,1.0,Overall,2023-24,2023-24,82.0,21.0,61.0,0.256,3946.0,3281.0,7133.0,0.46,989.0,2788.0,0.355,1189.0,1512.0,0.786,765.0,2538.0,3303.0,2033.0,1129.0,562.0,371.0,396.0,1472.0,1432.0,8740.0,-840.0,1.0,1.0,1.0,1.0,1.0,1.0,1.0,1.0,1.0,1.0,1.0,1.0,1.0,1.0,1.0,1.0,1.0,1.0,1.0,1.0,1.0,1.0,1.0,1.0,1.0,1.0,
0022300885,1610612753,ORL,Orlando,203914,Gary Harris,Gary,G,,21.000000:41,3.0,4.0,0.75,2.0,2.0,1.0,1.0,2.0,0.5,0.0,0.0,0.0,0.0,3.0,0.0,1.0,3.0,9.0,6.0,203914.0,2023-24,00,1610612753.0,ORL,29.0,54.0,27.0,1297.0,131.0,297.0,0.441,76.0,205.0,0.371,34.0,45.0,0.756,24.0,67.0,91.0,87.0,49.0,14.0,31.0,91.0,372.0,203914.0,Overall,2023-24,2023-24,82.0,47.0,35.0,0.573,3956.0,3318.0,6964.0,0.476,903.0,2568.0,0.352,1519.0,2002.0,0.759,861.0,2608.0,3469.0,2023.0,1206.0,669.0,423.0,379.0,1618.0,1710.0,9058.0,166.0,1.0,1.0,1.0,1.0,1.0,1.0,1.0,1.0,1.0,1.0,1.0,1.0,1.0,1.0,1.0,1.0,1.0,1.0,1.0,1.0,1.0,1.0,1.0,1.0,1.0,1.0,Overall,2023-24,2023-24,82.0,21.0,61.0,0.256,3946.0,3281.0,7133.0,0.46,989.0,2788.0,0.355,1189.0,1512.0,0.786,765.0,2538.0,3303.0,2033.0,1129.0,562.0,371.0,396.0,1472.0,1432.0,8740.0,-840.0,1.0,1.0,1.0,1.0,1.0,1.0,1.0,1.0,1.0,1.0,1.0,1.0,1.0,1.0,1.0,1.0,1.0,1.0,1.0,1.0,1.0,1.0,1.0,1.0,1.0,1.0,203914.0
0022300885,1610612753,ORL,Orlando,1630591,Jalen Suggs,Jalen,G,,20.000000:26,2.0,4.0,0.5,0.0,2.0,0.0,0.0,1.0,0.0,0.0,4.0,4.0,3.0,1.0,0.0,1.0,4.0,4.0,5.0,1630591.0,2023-24,00,1610612753.0,ORL,23.0,75.0,75.0,2025.0,336.0,714.0,0.471,153.0,385.0,0.397,118.0,156.0,0.756,48.0,181.0,229.0,205.0,106.0,47.0,132.0,205.0,943.0,1630591.0,Overall,2023-24,2023-24,82.0,47.0,35.0,0.573,3956.0,3318.0,6964.0,0.476,903.0,2568.0,0.352,1519.0,2002.0,0.759,861.0,2608.0,3469.0,2023.0,1206.0,669.0,423.0,379.0,1618.0,1710.0,9058.0,166.0,1.0,1.0,1.0,1.0,1.0,1.0,1.0,1.0,1.0,1.0,1.0,1.0,1.0,1.0,1.0,1.0,1.0,1.0,1.0,1.0,1.0,1.0,1.0,1.0,1.0,1.0,Overall,2023-24,2023-24,82.0,21.0,61.0,0.256,3946.0,3281.0,7133.0,0.46,989.0,2788.0,0.355,1189.0,1512.0,0.786,765.0,2538.0,3303.0,2033.0,1129.0,562.0,371.0,396.0,1472.0,1432.0,8740.0,-840.0,1.0,1.0,1.0,1.0,1.0,1.0,1.0,1.0,1.0,1.0,1.0,1.0,1.0,1.0,1.0,1.0,1.0,1.0,1.0,1.0,1.0,1.0,1.0,1.0,1.0,1.0,1630591.0
0022300885,1610612753,ORL,Orlando,204060,Joe Ingles,Joe,,,17.000000:09,0.0,1.0,0.0,0.0,1.0,0.0,0.0,0.0,0.0,1.0,1.0,2.0,8.0,0.0,0.0,0.0,1.0,0.0,15.0,204060.0,2023-24,00,1610612753.0,ORL,36.0,68.0,0.0,1169.0,99.0,227.0,0.436,70.0,161.0,0.435,28.0,34.0,0.824,18.0,124.0,142.0,203.0,43.0,5.0,67.0,88.0,296.0,204060.0,Overall,2023-24,2023-24,82.0,47.0,35.0,0.573,3956.0,3318.0,6964.0,0.476,903.0,2568.0,0.352,1519.0,2002.0,0.759,861.0,2608.0,3469.0,2023.0,1206.0,669.0,423.0,379.0,1618.0,1710.0,9058.0,166.0,1.0,1.0,1.0,1.0,1.0,1.0,1.0,1.0,1.0,1.0,1.0,1.0,1.0,1.0,1.0,1.0,1.0,1.0,1.0,1.0,1.0,1.0,1.0,1.0,1.0,1.0,Overall,2023-24,2023-24,82.0,21.0,61.0,0.256,3946.0,3281.0,7133.0,0.46,989.0,2788.0,0.355,1189.0,1512.0,0.786,765.0,2538.0,3303.0,2033.0,1129.0,562.0,371.0,396.0,1472.0,1432.0,8740.0,-840.0,1.0,1.0,1.0,1.0,1.0,1.0,1.0,1.0,1.0,1.0,1.0,1.0,1.0,1.0,1.0,1.0,1.0,1.0,1.0,1.0,1.0,1.0,1.0,1.0,1.0,1.0,204060.0
0022300885,1610612753,ORL,Orlando,1641710,Anthony Black,Anthony,,,27.000000:34,3.0,5.0,0.6,3.0,4.0,0.75,1.0,4.0,0.25,1.0,4.0,5.0,1.0,0.0,0.0,1.0,1.0,10.0,7.0,1641710.0,2023-24,00,1610612753.0,ORL,20.0,69.0,33.0,1164.0,115.0,247.0,0.466,37.0,94.0,0.394,49.0,80.0,0.613,33.0,106.0,139.0,91.0,35.0,21.0,56.0,110.0,316.0,1641710.0,Overall,2023-24,2023-24,82.0,47.0,35.0,0.573,3956.0,3318.0,6964.0,0.476,903.0,2568.0,0.352,1519.0,2002.0,0.759,861.0,2608.0,3469.0,2023.0,1206.0,669.0,423.0,379.0,1618.0,1710.0,9058.0,166.0,1.0,1.0,1.0,1.0,1.0,1.0,1.0,1.0,1.0,1.0,1.0,1.0,1.0,1.0,1.0,1.0,1.0,1.0,1.0,1.0,1.0,1.0,1.0,1.0,1.0,1.0,Overall,2023-24,2023-24,82.0,21.0,61.0,0.256,3946.0,3281.0,7133.0,0.46,989.0,2788.0,0.355,1189.0,1512.0,0.786,765.0,2538.0,3303.0,2033.0,1129.0,562.0,371.0,396.0,1472.0,1432.0,8740.0,-840.0,1.0,1.0,1.0,1.0,1.0,1.0,1.0,1.0,1.0,1.0,1.0,1.0,1.0,1.0,1.0,1.0,1.0,1.0,1.0,1.0,1.0,1.0,1.0,1.0,1.0,1.0,1641710.0
0022300885,1610612753,ORL,Orlando,1629021,Moritz Wagner,Moritz,,,18.000000:15,5.0,8.0,0.625,1.0,3.0,0.333,0.0,0.0,0.0,0.0,4.0,4.0,2.0,0.0,0.0,2.0,1.0,11.0,12.0,1629021.0,2023-24,00,1610612753.0,ORL,27.0,80.0,1.0,1415.0,332.0,552.0,0.601,38.0,115.0,0.33,166.0,204.0,0.814,117.0,230.0,347.0,96.0,39.0,21.0,97.0,160.0,868.0,1629021.0,Overall,2023-24,2023-24,82.0,47.0,35.0,0.573,3956.0,3318.0,6964.0,0.476,903.0,2568.0,0.352,1519.0,2002.0,0.759,861.0,2608.0,3469.0,2023.0,1206.0,669.0,423.0,379.0,1618.0,1710.0,9058.0,166.0,1.0,1.0,1.0,1.0,1.0,1.0,1.0,1.0,1.0,1.0,1.0,1.0,1.0,1.0,1.0,1.0,1.0,1.0,1.0,1.0,1.0,1.0,1.0,1.0,1.0,1.0,Overall,2023-24,2023-24,82.0,21.0,61.0,0.256,3946.0,3281.0,7133.0,0.46,989.0,2788.0,0.355,1189.0,1512.0,0.786,765.0,2538.0,3303.0,2033.0,1129.0,562.0,371.0,396.0,1472.0,1432.0,8740.0,-840.0,1.0,1.0,1.0,1.0,1.0,1.0,1.0,1.0,1.0,1.0,1.0,1.0,1.0,1.0,1.0,1.0,1.0,1.0,1.0,1.0,1.0,1.0,1.0,1.0,1.0,1.0,1629021.0
0022300885,1610612753,ORL,Orlando,1630175,Cole Anthony,Cole,,,22.000000:48,5.0,11.0,0.455,2.0,8.0,0.25,2.0,2.0,1.0,0.0,3.0,3.0,3.0,2.0,0.0,2.0,3.0,14.0,15.0,1630175.0,2023-24,00,1610612753.0,ORL,24.0,81.0,0.0,1817.0,332.0,763.0,0.435,93.0,275.0,0.338,180.0,218.0,0.826,64.0,247.0,311.0,236.0,64.0,37.0,126.0,175.0,937.0,1630175.0,Overall,2023-24,2023-24,82.0,47.0,35.0,0.573,3956.0,3318.0,6964.0,0.476,903.0,2568.0,0.352,1519.0,2002.0,0.759,861.0,2608.0,3469.0,2023.0,1206.0,669.0,423.0,379.0,1618.0,1710.0,9058.0,166.0,1.0,1.0,1.0,1.0,1.0,1.0,1.0,1.0,1.0,1.0,1.0,1.0,1.0,1.0,1.0,1.0,1.0,1.0,1.0,1.0,1.0,1.0,1.0,1.0,1.0,1.0,Overall,2023-24,2023-24,82.0,21.0,61.0,0.256,3946.0,3281.0,7133.0,0.46,989.0,2788.0,0.355,1189.0,1512.0,0.786,765.0,2538.0,3303.0,2033.0,1129.0,562.0,371.0,396.0,1472.0,1432.0,8740.0,-840.0,1.0,1.0,1.0,1.0,1.0,1.0,1.0,1.0,1.0,1.0,1.0,1.0,1.0,1.0,1.0,1.0,1.0,1.0,1.0,1.0,1.0,1.0,1.0,1.0,1.0,1.0,1630175.0
0022300885,1610612753,ORL,Orlando,1628371,Jonathan Isaac,Jonathan,,,17.000000:32,4.0,4.0,1.0,1.0,1.0,1.0,2.0,3.0,0.667,1.0,5.0,6.0,0.0,1.0,1.0,0.0,0.0,11.0,2.0,1628371.0,2023-24,00,1610612753.0,ORL,26.0,58.0,2.0,915.0,146.0,286.0,0.51,42.0,112.0,0.375,59.0,82.0,0.72,73.0,187.0,260.0,30.0,43.0,70.0,27.0,64.0,393.0,1628371.0,Overall,2023-24,2023-24,82.0,47.0,35.0,0.573,3956.0,3318.0,6964.0,0.476,903.0,2568.0,0.352,1519.0,2002.0,0.759,861.0,2608.0,3469.0,2023.0,1206.0,669.0,423.0,379.0,1618.0,1710.0,9058.0,166.0,1.0,1.0,1.0,1.0,1.0,1.0,1.0,1.0,1.0,1.0,1.0,1.0,1.0,1.0,1.0,1.0,1.0,1.0,1.0,1.0,1.0,1.0,1.0,1.0,1.0,1.0,Overall,2023-24,2023-24,82.0,21.0,61.0,0.256,3946.0,3281.0,7133.0,0.46,989.0,2788.0,0.355,1189.0,1512.0,0.786,765.0,2538.0,3303.0,2033.0,1129.0,562.0,371.0,396.0,1472.0,1432.0,8740.0,-840.0,1.0,1.0,1.0,1.0,1.0,1.0,1.0,1.0,1.0,1.0,1.0,1.0,1.0,1.0,1.0,1.0,1.0,1.0,1.0,1.0,1.0,1.0,1.0,1.0,1.0,1.0,
0022300885,1610612753,ORL,Orlando,1631216,Caleb Houstan,Caleb,,,0.000000:47,0.0,0.0,0.0,0.0,0.0,0.0,0.0,0.0,0.0,0.0,0.0,0.0,0.0,0.0,0.0,0.0,0.0,0.0,0.0,1631216.0,2023-24,00,1610612753.0,ORL,21.0,59.0,13.0,815.0,80.0,206.0,0.388,72.0,193.0,0.373,21.0,26.0,0.808,28.0,56.0,84.0,29.0,15.0,4.0,16.0,61.0,253.0,1631216.0,Overall,2023-24,2023-24,82.0,47.0,35.0,0.573,3956.0,3318.0,6964.0,0.476,903.0,2568.0,0.352,1519.0,2002.0,0.759,861.0,2608.0,3469.0,2023.0,1206.0,669.0,423.0,379.0,1618.0,1710.0,9058.0,166.0,1.0,1.0,1.0,1.0,1.0,1.0,1.0,1.0,1.0,1.0,1.0,1.0,1.0,1.0,1.0,1.0,1.0,1.0,1.0,1.0,1.0,1.0,1.0,1.0,1.0,1.0,Overall,2023-24,2023-24,82.0,21.0,61.0,0.256,3946.0,3281.0,7133.0,0.46,989.0,2788.0,0.355,1189.0,1512.0,0.786,765.0,2538.0,3303.0,2033.0,1129.0,562.0,371.0,396.0,1472.0,1432.0,8740.0,-840.0,1.0,1.0,1.0,1.0,1.0,1.0,1.0,1.0,1.0,1.0,1.0,1.0,1.0,1.0,1.0,1.0,1.0,1.0,1.0,1.0,1.0,1.0,1.0,1.0,1.0,1.0,1631216.0
0022300885,1610612753,ORL,Orlando,1629643,Chuma Okeke,Chuma,,,0.000000:47,0.0,0.0,0.0,0.0,0.0,0.0,0.0,0.0,0.0,0.0,0.0,0.0,0.0,0.0,0.0,0.0,0.0,0.0,0.0,1629643.0,2023-24,00,1610612753.0,ORL,25.0,47.0,8.0,432.0,40.0,112.0,0.357,23.0,82.0,0.28,4.0,7.0,0.571,18.0,62.0,80.0,20.0,9.0,7.0,16.0,19.0,107.0,1629643.0,Overall,2023-24,2023-24,82.0,47.0,35.0,0.573,3956.0,3318.0,6964.0,0.476,903.0,2568.0,0.352,1519.0,2002.0,0.759,861.0,2608.0,3469.0,2023.0,1206.0,669.0,423.0,379.0,1618.0,1710.0,9058.0,166.0,1.0,1.0,1.0,1.0,1.0,1.0,1.0,1.0,1.0,1.0,1.0,1.0,1.0,1.0,1.0,1.0,1.0,1.0,1.0,1.0,1.0,1.0,1.0,1.0,1.0,1.0,Overall,2023-24,2023-24,82.0,21.0,61.0,0.256,3946.0,3281.0,7133.0,0.46,989.0,2788.0,0.355,1189.0,1512.0,0.786,765.0,2538.0,3303.0,2033.0,1129.0,562.0,371.0,396.0,1472.0,1432.0,8740.0,-840.0,1.0,1.0,1.0,1.0,1.0,1.0,1.0,1.0,1.0,1.0,1.0,1.0,1.0,1.0,1.0,1.0,1.0,1.0,1.0,1.0,1.0,1.0,1.0,1.0,1.0,1.0,
0022300885,1610612753,ORL,Orlando,1629678,Admiral Schofield,Admiral,,,0.000000:47,0.0,0.0,0.0,0.0,0.0,0.0,0.0,0.0,0.0,0.0,0.0,0.0,0.0,0.0,0.0,0.0,0.0,0.0,0.0,1629678.0,2023-24,00,1610612753.0,ORL,27.0,23.0,0.0,84.0,10.0,26.0,0.385,6.0,16.0,0.375,0.0,2.0,0.0,3.0,14.0,17.0,7.0,1.0,0.0,5.0,9.0,26.0,1629678.0,Overall,2023-24,2023-24,82.0,47.0,35.0,0.573,3956.0,3318.0,6964.0,0.476,903.0,2568.0,0.352,1519.0,2002.0,0.759,861.0,2608.0,3469.0,2023.0,1206.0,669.0,423.0,379.0,1618.0,1710.0,9058.0,166.0,1.0,1.0,1.0,1.0,1.0,1.0,1.0,1.0,1.0,1.0,1.0,1.0,1.0,1.0,1.0,1.0,1.0,1.0,1.0,1.0,1.0,1.0,1.0,1.0,1.0,1.0,Overall,2023-24,2023-24,82.0,21.0,61.0,0.256,3946.0,3281.0,7133.0,0.46,989.0,2788.0,0.355,1189.0,1512.0,0.786,765.0,2538.0,3303.0,2033.0,1129.0,562.0,371.0,396.0,1472.0,1432.0,8740.0,-840.0,1.0,1.0,1.0,1.0,1.0,1.0,1.0,1.0,1.0,1.0,1.0,1.0,1.0,1.0,1.0,1.0,1.0,1.0,1.0,1.0,1.0,1.0,1.0,1.0,1.0,1.0,
0022300885,1610612753,ORL,Orlando,1629048,Goga Bitadze,Goga,,DNP - Coach's Decision,,,,,,,,,,,,,,,,,,,,,1629048.0,2023-24,00,1610612753.0,ORL,24.0,62.0,33.0,957.0,126.0,209.0,0.603,2.0,14.0,0.143,57.0,87.0,0.655,109.0,177.0,286.0,79.0,32.0,72.0,44.0,107.0,311.0,1629048.0,Overall,2023-24,2023-24,82.0,47.0,35.0,0.573,3956.0,3318.0,6964.0,0.476,903.0,2568.0,0.352,1519.0,2002.0,0.759,861.0,2608.0,3469.0,2023.0,1206.0,669.0,423.0,379.0,1618.0,1710.0,9058.0,166.0,1.0,1.0,1.0,1.0,1.0,1.0,1.0,1.0,1.0,1.0,1.0,1.0,1.0,1.0,1.0,1.0,1.0,1.0,1.0,1.0,1.0,1.0,1.0,1.0,1.0,1.0,Overall,2023-24,2023-24,82.0,21.0,61.0,0.256,3946.0,3281.0,7133.0,0.46,989.0,2788.0,0.355,1189.0,1512.0,0.786,765.0,2538.0,3303.0,2033.0,1129.0,562.0,371.0,396.0,1472.0,1432.0,8740.0,-840.0,1.0,1.0,1.0,1.0,1.0,1.0,1.0,1.0,1.0,1.0,1.0,1.0,1.0,1.0,1.0,1.0,1.0,1.0,1.0,1.0,1.0,1.0,1.0,1.0,1.0,1.0,1629048.0
0022300885,1610612766,CHA,Charlotte,1641706,Brandon Miller,Brandon,F,,37.000000:34,7.0,15.0,0.467,4.0,8.0,0.5,0.0,0.0,0.0,0.0,5.0,5.0,3.0,1.0,0.0,4.0,3.0,18.0,-6.0,1641706.0,2023-24,00,1610612766.0,CHA,21.0,74.0,68.0,2383.0,476.0,1083.0,0.44,184.0,493.0,0.373,143.0,173.0,0.827,60.0,255.0,315.0,175.0,66.0,42.0,132.0,184.0,1279.0,1641706.0,Overall,2023-24,2023-24,82.0,21.0,61.0,0.256,3946.0,3281.0,7133.0,0.46,989.0,2788.0,0.355,1189.0,1512.0,0.786,765.0,2538.0,3303.0,2033.0,1129.0,562.0,371.0,396.0,1472.0,1432.0,8740.0,-840.0,1.0,1.0,1.0,1.0,1.0,1.0,1.0,1.0,1.0,1.0,1.0,1.0,1.0,1.0,1.0,1.0,1.0,1.0,1.0,1.0,1.0,1.0,1.0,1.0,1.0,1.0,Overall,2023-24,2023-24,82.0,47.0,35.0,0.573,3956.0,3318.0,6964.0,0.476,903.0,2568.0,0.352,1519.0,2002.0,0.759,861.0,2608.0,3469.0,2023.0,1206.0,669.0,423.0,379.0,1618.0,1710.0,9058.0,166.0,1.0,1.0,1.0,1.0,1.0,1.0,1.0,1.0,1.0,1.0,1.0,1.0,1.0,1.0,1.0,1.0,1.0,1.0,1.0,1.0,1.0,1.0,1.0,1.0,1.0,1.0,
0022300885,1610612766,CHA,Charlotte,1628970,Miles Bridges,Miles,F,,35.000000:58,3.0,16.0,0.188,1.0,6.0,0.167,0.0,0.0,0.0,1.0,2.0,3.0,3.0,2.0,0.0,3.0,4.0,7.0,-8.0,1628970.0,2023-24,00,1610612766.0,CHA,26.0,69.0,67.0,2581.0,559.0,1210.0,0.462,157.0,450.0,0.349,174.0,211.0,0.825,71.0,434.0,505.0,231.0,65.0,33.0,138.0,118.0,1449.0,1628970.0,Overall,2023-24,2023-24,82.0,21.0,61.0,0.256,3946.0,3281.0,7133.0,0.46,989.0,2788.0,0.355,1189.0,1512.0,0.786,765.0,2538.0,3303.0,2033.0,1129.0,562.0,371.0,396.0,1472.0,1432.0,8740.0,-840.0,1.0,1.0,1.0,1.0,1.0,1.0,1.0,1.0,1.0,1.0,1.0,1.0,1.0,1.0,1.0,1.0,1.0,1.0,1.0,1.0,1.0,1.0,1.0,1.0,1.0,1.0,Overall,2023-24,2023-24,82.0,47.0,35.0,0.573,3956.0,3318.0,6964.0,0.476,903.0,2568.0,0.352,1519.0,2002.0,0.759,861.0,2608.0,3469.0,2023.0,1206.0,669.0,423.0,379.0,1618.0,1710.0,9058.0,166.0,1.0,1.0,1.0,1.0,1.0,1.0,1.0,1.0,1.0,1.0,1.0,1.0,1.0,1.0,1.0,1.0,1.0,1.0,1.0,1.0,1.0,1.0,1.0,1.0,1.0,1.0,
0022300885,1610612766,CHA,Charlotte,1630208,Nick Richards,Nick,C,,27.000000:15,1.0,2.0,0.5,0.0,0.0,0.0,0.0,0.0,0.0,0.0,4.0,4.0,0.0,0.0,1.0,2.0,2.0,2.0,5.0,1630208.0,2023-24,00,1610612766.0,CHA,26.0,67.0,51.0,1759.0,260.0,376.0,0.691,0.0,1.0,0.0,132.0,179.0,0.737,172.0,367.0,539.0,54.0,26.0,74.0,73.0,176.0,652.0,1630208.0,Overall,2023-24,2023-24,82.0,21.0,61.0,0.256,3946.0,3281.0,7133.0,0.46,989.0,2788.0,0.355,1189.0,1512.0,0.786,765.0,2538.0,3303.0,2033.0,1129.0,562.0,371.0,396.0,1472.0,1432.0,8740.0,-840.0,1.0,1.0,1.0,1.0,1.0,1.0,1.0,1.0,1.0,1.0,1.0,1.0,1.0,1.0,1.0,1.0,1.0,1.0,1.0,1.0,1.0,1.0,1.0,1.0,1.0,1.0,Overall,2023-24,2023-24,82.0,47.0,35.0,0.573,3956.0,3318.0,6964.0,0.476,903.0,2568.0,0.352,1519.0,2002.0,0.759,861.0,2608.0,3469.0,2023.0,1206.0,669.0,423.0,379.0,1618.0,1710.0,9058.0,166.0,1.0,1.0,1.0,1.0,1.0,1.0,1.0,1.0,1.0,1.0,1.0,1.0,1.0,1.0,1.0,1.0,1.0,1.0,1.0,1.0,1.0,1.0,1.0,1.0,1.0,1.0,
0022300885,1610612766,CHA,Charlotte,1630544,Tre Mann,Tre,G,,34.000000:25,7.0,9.0,0.778,2.0,4.0,0.5,2.0,2.0,1.0,0.0,6.0,6.0,4.0,2.0,0.0,2.0,2.0,18.0,-6.0,1630544.0,2023-24,00,1610612760.0,OKC,23.0,13.0,0.0,119.0,20.0,40.0,0.5,8.0,19.0,0.421,1.0,1.0,1.0,4.0,20.0,24.0,20.0,3.0,0.0,9.0,3.0,49.0,1630544.0,Overall,2023-24,2023-24,82.0,21.0,61.0,0.256,3946.0,3281.0,7133.0,0.46,989.0,2788.0,0.355,1189.0,1512.0,0.786,765.0,2538.0,3303.0,2033.0,1129.0,562.0,371.0,396.0,1472.0,1432.0,8740.0,-840.0,1.0,1.0,1.0,1.0,1.0,1.0,1.0,1.0,1.0,1.0,1.0,1.0,1.0,1.0,1.0,1.0,1.0,1.0,1.0,1.0,1.0,1.0,1.0,1.0,1.0,1.0,Overall,2023-24,2023-24,82.0,47.0,35.0,0.573,3956.0,3318.0,6964.0,0.476,903.0,2568.0,0.352,1519.0,2002.0,0.759,861.0,2608.0,3469.0,2023.0,1206.0,669.0,423.0,379.0,1618.0,1710.0,9058.0,166.0,1.0,1.0,1.0,1.0,1.0,1.0,1.0,1.0,1.0,1.0,1.0,1.0,1.0,1.0,1.0,1.0,1.0,1.0,1.0,1.0,1.0,1.0,1.0,1.0,1.0,1.0,
0022300885,1610612766,CHA,Charlotte,203995,Vasilije MiciÄ‡,Vasilije,G,,28.000000:57,8.0,15.0,0.533,1.0,4.0,0.25,4.0,4.0,1.0,2.0,3.0,5.0,4.0,2.0,0.0,4.0,2.0,21.0,-2.0,203995.0,2023-24,00,1610612760.0,OKC,30.0,30.0,0.0,361.0,37.0,91.0,0.407,11.0,45.0,0.244,14.0,19.0,0.737,1.0,23.0,24.0,76.0,9.0,3.0,29.0,22.0,99.0,203995.0,Overall,2023-24,2023-24,82.0,21.0,61.0,0.256,3946.0,3281.0,7133.0,0.46,989.0,2788.0,0.355,1189.0,1512.0,0.786,765.0,2538.0,3303.0,2033.0,1129.0,562.0,371.0,396.0,1472.0,1432.0,8740.0,-840.0,1.0,1.0,1.0,1.0,1.0,1.0,1.0,1.0,1.0,1.0,1.0,1.0,1.0,1.0,1.0,1.0,1.0,1.0,1.0,1.0,1.0,1.0,1.0,1.0,1.0,1.0,Overall,2023-24,2023-24,82.0,47.0,35.0,0.573,3956.0,3318.0,6964.0,0.476,903.0,2568.0,0.352,1519.0,2002.0,0.759,861.0,2608.0,3469.0,2023.0,1206.0,669.0,423.0,379.0,1618.0,1710.0,9058.0,166.0,1.0,1.0,1.0,1.0,1.0,1.0,1.0,1.0,1.0,1.0,1.0,1.0,1.0,1.0,1.0,1.0,1.0,1.0,1.0,1.0,1.0,1.0,1.0,1.0,1.0,1.0,
0022300885,1610612766,CHA,Charlotte,1631121,Bryce McGowens,Bryce,,,17.000000:31,0.0,0.0,0.0,0.0,0.0,0.0,0.0,0.0,0.0,0.0,0.0,0.0,1.0,0.0,0.0,1.0,1.0,0.0,-12.0,1631121.0,2023-24,00,1610612766.0,CHA,21.0,59.0,14.0,882.0,101.0,230.0,0.439,34.0,102.0,0.333,66.0,85.0,0.776,17.0,85.0,102.0,51.0,21.0,10.0,30.0,74.0,302.0,1631121.0,Overall,2023-24,2023-24,82.0,21.0,61.0,0.256,3946.0,3281.0,7133.0,0.46,989.0,2788.0,0.355,1189.0,1512.0,0.786,765.0,2538.0,3303.0,2033.0,1129.0,562.0,371.0,396.0,1472.0,1432.0,8740.0,-840.0,1.0,1.0,1.0,1.0,1.0,1.0,1.0,1.0,1.0,1.0,1.0,1.0,1.0,1.0,1.0,1.0,1.0,1.0,1.0,1.0,1.0,1.0,1.0,1.0,1.0,1.0,Overall,2023-24,2023-24,82.0,47.0,35.0,0.573,3956.0,3318.0,6964.0,0.476,903.0,2568.0,0.352,1519.0,2002.0,0.759,861.0,2608.0,3469.0,2023.0,1206.0,669.0,423.0,379.0,1618.0,1710.0,9058.0,166.0,1.0,1.0,1.0,1.0,1.0,1.0,1.0,1.0,1.0,1.0,1.0,1.0,1.0,1.0,1.0,1.0,1.0,1.0,1.0,1.0,1.0,1.0,1.0,1.0,1.0,1.0,
0022300885,1610612766,CHA,Charlotte,1629684,Grant Williams,Grant,,,32.000000:47,2.0,4.0,0.5,0.0,1.0,0.0,5.0,5.0,1.0,0.0,2.0,2.0,3.0,0.0,0.0,3.0,5.0,9.0,-21.0,1629684.0,2023-24,00,1610612742.0,DAL,25.0,47.0,33.0,1242.0,131.0,317.0,0.413,79.0,210.0,0.376,41.0,55.0,0.745,46.0,123.0,169.0,81.0,24.0,27.0,53.0,137.0,382.0,1629684.0,Overall,2023-24,2023-24,82.0,21.0,61.0,0.256,3946.0,3281.0,7133.0,0.46,989.0,2788.0,0.355,1189.0,1512.0,0.786,765.0,2538.0,3303.0,2033.0,1129.0,562.0,371.0,396.0,1472.0,1432.0,8740.0,-840.0,1.0,1.0,1.0,1.0,1.0,1.0,1.0,1.0,1.0,1.0,1.0,1.0,1.0,1.0,1.0,1.0,1.0,1.0,1.0,1.0,1.0,1.0,1.0,1.0,1.0,1.0,Overall,2023-24,2023-24,82.0,47.0,35.0,0.573,3956.0,3318.0,6964.0,0.476,903.0,2568.0,0.352,1519.0,2002.0,0.759,861.0,2608.0,3469.0,2023.0,1206.0,669.0,423.0,379.0,1618.0,1710.0,9058.0,166.0,1.0,1.0,1.0,1.0,1.0,1.0,1.0,1.0,1.0,1.0,1.0,1.0,1.0,1.0,1.0,1.0,1.0,1.0,1.0,1.0,1.0,1.0,1.0,1.0,1.0,1.0,
0022300885,1610612766,CHA,Charlotte,202722,Davis Bertans,Davis,,,25.000000:33,5.0,11.0,0.455,4.0,10.0,0.4,0.0,0.0,0.0,0.0,6.0,6.0,1.0,0.0,0.0,0.0,0.0,14.0,-10.0,202722.0,2023-24,00,1610612760.0,OKC,31.0,15.0,0.0,91.0,10.0,26.0,0.385,10.0,24.0,0.417,14.0,15.0,0.933,2.0,8.0,10.0,9.0,3.0,3.0,1.0,10.0,44.0,202722.0,Overall,2023-24,2023-24,82.0,21.0,61.0,0.256,3946.0,3281.0,7133.0,0.46,989.0,2788.0,0.355,1189.0,1512.0,0.786,765.0,2538.0,3303.0,2033.0,1129.0,562.0,371.0,396.0,1472.0,1432.0,8740.0,-840.0,1.0,1.0,1.0,1.0,1.0,1.0,1.0,1.0,1.0,1.0,1.0,1.0,1.0,1.0,1.0,1.0,1.0,1.0,1.0,1.0,1.0,1.0,1.0,1.0,1.0,1.0,Overall,2023-24,2023-24,82.0,47.0,35.0,0.573,3956.0,3318.0,6964.0,0.476,903.0,2568.0,0.352,1519.0,2002.0,0.759,861.0,2608.0,3469.0,2023.0,1206.0,669.0,423.0,379.0,1618.0,1710.0,9058.0,166.0,1.0,1.0,1.0,1.0,1.0,1.0,1.0,1.0,1.0,1.0,1.0,1.0,1.0,1.0,1.0,1.0,1.0,1.0,1.0,1.0,1.0,1.0,1.0,1.0,1.0,1.0,
0022300885,1610612766,CHA,Charlotte,1629716,Marques Bolden,Marques,,DNP - Coach's Decision,,,,,,,,,,,,,,,,,,,,,1629716.0,2023-24,00,1610612749.0,MIL,26.0,2.0,0.0,3.0,0.0,0.0,0.0,0.0,0.0,0.0,0.0,0.0,0.0,0.0,2.0,2.0,0.0,0.0,0.0,0.0,1.0,0.0,1629716.0,Overall,2023-24,2023-24,82.0,21.0,61.0,0.256,3946.0,3281.0,7133.0,0.46,989.0,2788.0,0.355,1189.0,1512.0,0.786,765.0,2538.0,3303.0,2033.0,1129.0,562.0,371.0,396.0,1472.0,1432.0,8740.0,-840.0,1.0,1.0,1.0,1.0,1.0,1.0,1.0,1.0,1.0,1.0,1.0,1.0,1.0,1.0,1.0,1.0,1.0,1.0,1.0,1.0,1.0,1.0,1.0,1.0,1.0,1.0,Overall,2023-24,2023-24,82.0,47.0,35.0,0.573,3956.0,3318.0,6964.0,0.476,903.0,2568.0,0.352,1519.0,2002.0,0.759,861.0,2608.0,3469.0,2023.0,1206.0,669.0,423.0,379.0,1618.0,1710.0,9058.0,166.0,1.0,1.0,1.0,1.0,1.0,1.0,1.0,1.0,1.0,1.0,1.0,1.0,1.0,1.0,1.0,1.0,1.0,1.0,1.0,1.0,1.0,1.0,1.0,1.0,1.0,1.0,
0022300885,1610612766,CHA,Charlotte,1630197,Aleksej Pokusevski,Aleksej,,DNP - Coach's Decision,,,,,,,,,,,,,,,,,,,,,1630197.0,2023-24,00,1610612760.0,OKC,22.0,10.0,0.0,60.0,4.0,16.0,0.25,2.0,11.0,0.182,2.0,4.0,0.5,2.0,8.0,10.0,5.0,1.0,1.0,3.0,5.0,12.0,1630197.0,Overall,2023-24,2023-24,82.0,21.0,61.0,0.256,3946.0,3281.0,7133.0,0.46,989.0,2788.0,0.355,1189.0,1512.0,0.786,765.0,2538.0,3303.0,2033.0,1129.0,562.0,371.0,396.0,1472.0,1432.0,8740.0,-840.0,1.0,1.0,1.0,1.0,1.0,1.0,1.0,1.0,1.0,1.0,1.0,1.0,1.0,1.0,1.0,1.0,1.0,1.0,1.0,1.0,1.0,1.0,1.0,1.0,1.0,1.0,Overall,2023-24,2023-24,82.0,47.0,35.0,0.573,3956.0,3318.0,6964.0,0.476,903.0,2568.0,0.352,1519.0,2002.0,0.759,861.0,2608.0,3469.0,2023.0,1206.0,669.0,423.0,379.0,1618.0,1710.0,9058.0,166.0,1.0,1.0,1.0,1.0,1.0,1.0,1.0,1.0,1.0,1.0,1.0,1.0,1.0,1.0,1.0,1.0,1.0,1.0,1.0,1.0,1.0,1.0,1.0,1.0,1.0,1.0,
0022300885,1610612766,CHA,Charlotte,1641733,Nick Smith Jr.,Nick,,DNP - Coach's Decision,,,,,,,,,,,,,,,,,,,,,1641733.0,2023-24,00,1610612766.0,CHA,20.0,51.0,0.0,729.0,113.0,289.0,0.391,63.0,146.0,0.432,13.0,15.0,0.867,18.0,54.0,72.0,59.0,10.0,7.0,39.0,55.0,302.0,1641733.0,Overall,2023-24,2023-24,82.0,21.0,61.0,0.256,3946.0,3281.0,7133.0,0.46,989.0,2788.0,0.355,1189.0,1512.0,0.786,765.0,2538.0,3303.0,2033.0,1129.0,562.0,371.0,396.0,1472.0,1432.0,8740.0,-840.0,1.0,1.0,1.0,1.0,1.0,1.0,1.0,1.0,1.0,1.0,1.0,1.0,1.0,1.0,1.0,1.0,1.0,1.0,1.0,1.0,1.0,1.0,1.0,1.0,1.0,1.0,Overall,2023-24,2023-24,82.0,47.0,35.0,0.573,3956.0,3318.0,6964.0,0.476,903.0,2568.0,0.352,1519.0,2002.0,0.759,861.0,2608.0,3469.0,2023.0,1206.0,669.0,423.0,379.0,1618.0,1710.0,9058.0,166.0,1.0,1.0,1.0,1.0,1.0,1.0,1.0,1.0,1.0,1.0,1.0,1.0,1.0,1.0,1.0,1.0,1.0,1.0,1.0,1.0,1.0,1.0,1.0,1.0,1.0,1.0,
0022300885,1610612766,CHA,Charlotte,1630550,JT Thor,JT,,DNP - Coach's Decision,,,,,,,,,,,,,,,,,,,,,1630550.0,2023-24,00,1610612766.0,CHA,21.0,63.0,3.0,781.0,80.0,183.0,0.437,28.0,81.0,0.346,11.0,20.0,0.55,43.0,103.0,146.0,29.0,11.0,27.0,15.0,60.0,199.0,1630550.0,Overall,2023-24,2023-24,82.0,21.0,61.0,0.256,3946.0,3281.0,7133.0,0.46,989.0,2788.0,0.355,1189.0,1512.0,0.786,765.0,2538.0,3303.0,2033.0,1129.0,562.0,371.0,396.0,1472.0,1432.0,8740.0,-840.0,1.0,1.0,1.0,1.0,1.0,1.0,1.0,1.0,1.0,1.0,1.0,1.0,1.0,1.0,1.0,1.0,1.0,1.0,1.0,1.0,1.0,1.0,1.0,1.0,1.0,1.0,Overall,2023-24,2023-24,82.0,47.0,35.0,0.573,3956.0,3318.0,6964.0,0.476,903.0,2568.0,0.352,1519.0,2002.0,0.759,861.0,2608.0,3469.0,2023.0,1206.0,669.0,423.0,379.0,1618.0,1710.0,9058.0,166.0,1.0,1.0,1.0,1.0,1.0,1.0,1.0,1.0,1.0,1.0,1.0,1.0,1.0,1.0,1.0,1.0,1.0,1.0,1.0,1.0,1.0,1.0,1.0,1.0,1.0,1.0,
